,Frequency
NNN,5911794
NNG,46
NGA,39
GAT,8284856
ATT,14601806
TTC,13478082
TCA,12536210
CAT,11587833
ATG,11590285
TGG,12854762
GGC,9110744
GCT,10200408
CTg,42359
Tga,25478
gaa,11032525
aaa,24415077
aat,13899432
atc,8704001
tcg,1910076
cgt,1870345
gtg,11490552
tgt,12854300
gtt,8978304
ttt,24598818
ttg,12308910
tga,12765350
gac,6339312
acc,8721646
cca,13929129
cag,14848450
agc,10126374
gct,10140837
cta,8001977
tat,11316421
atg,11016141
gtc,6354473
tct,13848018
ctc,13059136
tca,12759832
caa,12243941
tcc,10663012
ccg,2447966
cga,1905321
gat,8717022
aag,11485664
agt,10501474
gta,7148304
tag,8013780
aga,13802024
taa,11295067
att,13939285
tta,11330513
aac,8921960
caG,43783
aGA,67917
GAA,13466191
AAT,14565509
ATA,11274481
TAT,11285654
TTT,22419613
TTA,12738359
TGC,10165230
GCC,9123164
CCT,13246569
CTG,14973004
TGA,12558878
ctt,11521742
cac,11464247
act,10477218
cat,11013565
acg,1862651
ctg,14862400
AAt,65978
Ata,24320
tgc,10121659
gcc,10143044
cct,12981535
ttc,11065332
tgg,13956263
ggc,10143917
agg,12966206
gga,10659440
ata,11288199
gag,13045829
gca,10107497
aca,12794308
ggt,8732297
tac,7143372
ttG,38121
tGA,33849
TCT,14738842
CTA,8011455
TAA,12711016
AAG,13853301
AGT,10437206
GTT,9420371
TTG,11709207
TGT,12847893
GTC,6898293
CTT,13891456
AAA,22297092
AAC,9363550
ACA,12760690
AGA,14722408
TAC,6906346
CAC,10107657
TAG,8040355
GAG,11762527
AGC,10196534
CCA,12806733
CAG,14948707
GGA,11452495
GAC,6882042
ACT,10410594
CTC,11745082
AGG,13225063
GGT,8043445
GTG,10163605
ATC,8256918
TCC,11435676
CCC,11399313
CAA,11616369
TCG,1646375
CGA,1641935
GCA,10147252
GGG,11406078
ACC,8023459
GCG,2080906
CGT,2039371
ACG,2031502
CGG,2535850
CCG,2537678
CGC,2079320
GTA,6919486
Tgc,25219
ccc,9473294
ggg,9478243
ggG,16978
gGC,16872
TAc,21756
Aca,36373
gcg,2257918
cgg,2445041
cgc,2257755
atA,27448
tAT,31029
TTt,60995
Ttg,38030
aaT,132377
aTT,66543
ATg,31276
gaT,19753
aTC,31700
TCt,67964
Ctc,18078
ccA,79820
cAA,45741
AAa,46760
Aaa,46826
ttA,37172
tAA,34026
ACg,7767
Cga,4590
caC,32396
aCA,66015
GTc,18023
Tcc,22320
taT,24443
TCg,9692
Cgt,8050
aCG,8587
GGc,18524
Gct,19590
tgT,36341
gTT,21461
CCc,16036
Cct,22467
atT,32651
tTC,22646
TCc,17733
ccC,55953
cCC,28825
TGc,22514
Gcc,16107
ggC,16277
gCA,22535
TGg,42002
Gga,21068
aaC,87207
aCT,48012
AGt,47498
Gtg,32070
tAG,18206
GTg,27235
ccG,16296
cGT,7915
TTg,45535
Tgg,79459
tAC,18223
GCt,38564
ttT,46777
GGt,38547
Gtt,87815
cCA,41855
CTc,20617
Tct,27902
caA,37982
aAC,24350
ccT,92233
cTT,41490
GAa,22985
caT,34623
aTG,47340
CAt,46880
Atg,34276
gtT,17011
tTG,24738
TGa,31890
Gag,19082
atC,26489
tCT,32849
CTt,29869
Ttt,70401
cAG,42350
GAg,40091
Agt,23163
tcA,25242
cAC,27408
CAg,58424
Agg,91957
gaG,18121
aGG,48104
ATa,31515
Tat,27865
tcC,20708
gtG,13781
Cta,28604
aCC,38782
tgA,31115
gAC,17878
ACa,34701
Cac,13895
aaG,131424
aGT,61831
GTt,24664
TTc,23673
ATc,19710
Acc,19631
gaC,17132
Gaa,34754
atG,43088
tGT,34603
gAA,23724
Att,132343
TGt,66773
Gta,29348
aaA,69657
aAG,30036
ATt,38728
Ttc,21176
aAA,60579
TAt,60472
Aat,32699
acA,20480
cAT,31109
Taa,36763
aGC,38697
CTa,17874
Tag,24065
ctA,24177
AAg,41184
Agc,43041
aTA,60454
gcA,25557
Tta,28894
CAa,24548
gaA,21403
gTA,21442
Cat,43647
Ctt,131838
taC,29373
tCA,31918
ACt,61295
ATN,1
TNN,13
Cca,28238
cCT,31300
ctT,27664
AGc,23666
Gca,32671
tcT,27441
AGg,31352
Ggt,19410
acG,8005
cGA,9933
Ggg,55595
tTA,26882
cTG,58645
GGg,29158
Ggc,15414
Tgt,20670
Gtc,17143
tgC,32196
gCT,23212
TTa,33906
taG,28878
GAt,31998
tTt,1142
tGC,22421
CCt,48425
taA,28812
aAT,38673
Ctg,43454
ggA,22403
gAT,20057
Gat,26645
AAc,21371
acT,23128
gcT,42834
GTa,17979
ggT,19416
gTG,23152
TAa,26839
tTT,46639
gtA,15938
TAg,42482
TCa,33849
gtC,11372
tcG,4583
acC,19015
Act,23164
Caa,37858
ttC,34926
tGG,25372
tCC,21417
gcC,15503
AGa,32543
ctG,24319
GCa,22766
gAG,20786
agC,19487
cTC,39434
gCC,18623
Aac,16768
tCG,3641
agA,28098
Aag,28061
Tca,30919
agT,23323
aGt,2060
Tac,15715
tTa,552
CAc,22811
tgG,28587
gGG,16384
ctC,19322
GGa,21448
Gac,11198
CCa,25694
Cag,24669
CGg,5816
Aga,27824
CCg,8837
agG,22636
gGA,17662
CGt,8858
GCc,16603
Ccc,17179
TCN,29
CNN,41
cGG,8834
Atc,19576
cCG,6079
CGa,3636
CGc,4136
tAa,605
cTA,42340
aCt,2111
tCa,465
Cgc,5053
gTg,539
aTt,1603
cAt,1523
cgT,2930
cGt,474
aGa,1219
gAa,407
gcG,5241
cGC,6395
Cgg,16216
Acg,3002
gGT,17369
GAc,14439
GCg,6556
gTC,14250
cAg,1330
tAt,1433
gCG,4144
cgG,1803
aAg,1039
cTc,672
gCg,152
ACc,17463
cCt,1667
cgC,1965
Ccg,1626
Tcg,2866
Gcg,1941
cgA,2874
tCt,1298
tGt,1457
cCa,765
aGg,1661
aTg,1438
cTa,743
gCc,237
gAt,652
aAt,1574
cGg,233
aCa,1455
cTg,1293
tCc,284
tTc,358
tTg,1144
aCg,447
cTt,1013
aTa,1437
cAa,1105
aGc,714
CCN,8
NNa,1
Nag,1
aAa,1100
tGg,817
gCt,644
cCc,460
gGa,299
gAg,654
gGg,447
tGa,436
gAc,326
gTt,481
gGt,705
tGc,353
aTc,673
aCc,693
tAc,439
gTa,402
cAc,526
tAg,771
tCg,232
cGa,204
gTc,280
gGc,264
gCa,375
cGc,137
aAc,496
tcN,8
cNN,9
GAN,1
ANN,4
cCg,224
NNg,9
Nga,8
cTN,1
NGT,2
TTN,3
NNA,13
NAA,4
GGN,5
GNN,18
ttN,1
tNN,1
TGN,6
NAT,4
NAG,3
ttn,3
tnn,2
nnt,1
nta,1
aan,3
anc,2
ncc,3
CAN,6
ANG,1
cCN,1
caN,1
aNN,2
NNC,13
NCA,4
ggN,3
gNN,5
NNt,3
Ntg,1
ggn,1
gng,2
ngg,2
ANA,1
NCT,7
AGN,7
NCC,3
aaN,1
Nta,1
NCG,2
ACN,1
NGa,2
NAC,2
CTN,6
NGG,3
tgN,1
NNT,7
NTT,1
Ntc,1
agN,1
NTA,2
acn,3
cnn,2
nnn,43
nna,4
nac,3
nat,2
ann,1
aTN,1
cgn,1
gnn,2
NTG,3
ccN,1
tgn,1
gnt,1
ntc,1
atn,1
tnt,1
ntn,1
nng,1
ngn,1
nnc,1
ncn,1
cna,2
naa,1
can,1
ant,1
ntg,1
gcn,1
cng,1
tnc,1
nca,2
ccn,1
agn,2
gnc,1
ngt,1
GTN,3
TNT,1
NTC,2
tna,1
nag,1
cnc,1
GNG,1
NGC,2
ANC,1
TNC,1
CGN,2
Ngt,1
GCN,1
GNC,1
NNc,1
Nca,1
NAg,1
tCN,1
